home_team,away_team,predicted_winner
DEN,LAL,LAL
GSW,PHX,PHX
ATL,CHA,CHA
IND,WAS,WAS
BOS,NYK,NYK
HOU,ORL,ORL
BKN,CLE,CLE
DET,MIA,MIA
MIN,TOR,TOR
CHI,OKC,OKC
MEM,NOP,NOP
SAC,UTA,UTA
DAL,SAS,SAS
LAC,POR,POR
MIL,PHI,PHI
LAL,PHX,PHX
CHA,DET,DET
DEN,MEM,MEM
ATL,NYK,NYK
BOS,MIA,MIA
CLE,OKC,OKC
CHI,TOR,TOR
HOU,SAS,SAS
BKN,DAL,DAL
LAC,UTA,UTA
ORL,POR,POR
GSW,SAC,SAC
CHI,DET,DET
MEM,WAS,WAS
NOP,NYK,NYK
CLE,IND,IND
PHI,TOR,TOR
MIA,MIN,MIN
PHX,UTA,UTA
DEN,OKC,OKC
GSW,HOU,HOU
ATL,MIL,MIL
PHI,POR,POR
LAC,SAS,SAS
LAL,SAC,SAC
BKN,CHA,CHA
CHI,IND,IND
BOS,WAS,WAS
ATL,MIN,MIN
POR,TOR,TOR
DAL,MEM,MEM
MIA,MIL,MIL
GSW,NOP,NOP
DET,OKC,OKC
DEN,UTA,UTA
LAL,ORL,ORL
CLE,NYK,NYK
PHX,SAS,SAS
LAC,ORL,ORL
DET,POR,POR
MIL,TOR,TOR
ATL,WAS,WAS
BOS,IND,IND
BKN,MIA,MIA
CLE,NYK,NYK
NOP,OKC,OKC
CHA,HOU,HOU
DEN,MIN,MIN
CHI,DAL,DAL
MEM,UTA,UTA
GSW,SAC,SAC
LAC,LAL,LAL
PHI,TOR,TOR
DET,NOP,NOP
ORL,UTA,UTA
PHX,SAS,SAS
CLE,IND,IND
MIL,NYK,NYK
MIA,WAS,WAS
BKN,CHI,CHI
GSW,OKC,OKC
DAL,DEN,DEN
MEM,POR,POR
PHI,PHX,PHX
CHA,IND,IND
LAL,ORL,ORL
ATL,NOP,NOP
BKN,BOS,BOS
HOU,SAC,SAC
MIN,UTA,UTA
CHI,DEN,DEN
DET,PHX,PHX
SAS,TOR,TOR
CLE,GSW,GSW
CHA,DAL,DAL
MEM,POR,POR
DET,GSW,GSW
IND,SAS,SAS
DAL,ORL,ORL
PHI,WAS,WAS
BKN,MIL,MIL
LAL,MIA,MIA
LAC,NYK,NYK
CHI,UTA,UTA
HOU,SAC,SAC
BOS,MIN,MIN
ATL,OKC,OKC
DEN,NOP,NOP
CHA,WAS,WAS
IND,UTA,UTA
BOS,PHI,PHI
BKN,LAC,LAC
NYK,SAS,SAS
CHI,PHX,PHX
HOU,LAL,LAL
MEM,MIA,MIA
DET,MIL,MIL
MIN,NOP,NOP
CLE,OKC,OKC
DAL,TOR,TOR
DEN,GSW,GSW
POR,SAC,SAC
IND,MIL,MIL
ATL,ORL,ORL
DET,PHI,PHI
CHA,WAS,WAS
BKN,BOS,BOS
HOU,NOP,NOP
MEM,UTA,UTA
MIN,SAS,SAS
DAL,LAC,LAC
LAL,PHX,PHX
OKC,SAC,SAC
MIL,ORL,ORL
BOS,TOR,TOR
ATL,MIA,MIA
CLE,GSW,GSW
CHA,NYK,NYK
BKN,WAS,WAS
LAC,MEM,MEM
IND,PHI,PHI
CHI,DET,DET
DEN,HOU,HOU
DAL,NOP,NOP
MIA,SAS,SAS
OKC,PHX,PHX
GSW,MIN,MIN
LAL,POR,POR
BOS,NYK,NYK
TOR,WAS,WAS
CHI,MIL,MIL
CLE,SAC,SAC
CHA,MIA,MIA
ATL,DET,DET
IND,PHI,PHI
BKN,ORL,ORL
OKC,SAS,SAS
DAL,NOP,NOP
POR,UTA,UTA
DEN,LAC,LAC
GSW,MIN,MIN
LAL,MEM,MEM
DAL,WAS,WAS
ATL,NYK,NYK
BOS,PHI,PHI
MIL,TOR,TOR
CHI,ORL,ORL
MIN,PHX,PHX
LAL,SAC,SAC
CLE,POR,POR
BKN,MIA,MIA
GSW,OKC,OKC
CHA,MIL,MIL
NYK,WAS,WAS
ATL,PHI,PHI
CLE,DET,DET
BOS,TOR,TOR
SAC,SAS,SAS
CHI,ORL,ORL
DEN,NOP,NOP
PHX,UTA,UTA
LAL,POR,POR
HOU,LAC,LAC
CHA,NYK,NYK
MIN,NOP,NOP
CHI,MIA,MIA
DAL,MIL,MIL
MEM,SAS,SAS
GSW,OKC,OKC
BKN,PHI,PHI
IND,ORL,ORL
CLE,DEN,DEN
DET,TOR,TOR
DAL,SAC,SAC
BOS,MEM,MEM
PHX,UTA,UTA
OKC,POR,POR
HOU,LAL,LAL
BOS,CHA,CHA
DEN,DET,DET
MIL,WAS,WAS
CHI,MIA,MIA
MIN,NYK,NYK
NOP,SAC,SAC
LAC,SAS,SAS
GSW,HOU,HOU
ORL,TOR,TOR
ATL,IND,IND
CLE,PHI,PHI
PHX,POR,POR
LAL,UTA,UTA
CHA,WAS,WAS
DEN,ORL,ORL
ATL,BKN,BKN
BOS,MIL,MIL
CLE,MIA,MIA
IND,TOR,TOR
HOU,MEM,MEM
MIN,PHI,PHI
NOP,SAC,SAC
CHI,OKC,OKC
LAC,SAS,SAS
GSW,PHX,PHX
POR,UTA,UTA
DAL,LAL,LAL
BOS,ORL,ORL
MEM,PHX,PHX
MIA,NYK,NYK
CHI,TOR,TOR
DET,IND,IND
DEN,HOU,HOU
MIL,WAS,WAS
MIN,SAC,SAC
GSW,SAS,SAS
LAC,NOP,NOP
OKC,PHI,PHI
BKN,MIA,MIA
ATL,WAS,WAS
CLE,LAL,LAL
NOP,UTA,UTA
DAL,LAC,LAC
MIL,POR,POR
ATL,BOS,BOS
NYK,PHX,PHX
CHA,ORL,ORL
MEM,MIN,MIN
BKN,CHI,CHI
CLE,TOR,TOR
DEN,SAS,SAS
DET,WAS,WAS
IND,POR,POR
LAL,PHI,PHI
NOP,UTA,UTA
DEN,LAC,LAC
BOS,CHI,CHI
BKN,TOR,TOR
ATL,CLE,CLE
MIA,MIL,MIL
CHA,NYK,NYK
MIN,OKC,OKC
DAL,HOU,HOU
GSW,SAC,SAC
DET,LAL,LAL
ORL,WAS,WAS
PHX,TOR,TOR
MEM,UTA,UTA
NOP,PHI,PHI
DEN,HOU,HOU
LAC,SAC,SAC
CLE,POR,POR
BKN,CHA,CHA
IND,MIA,MIA
DET,NYK,NYK
CHI,MIL,MIL
MIN,UTA,UTA
LAL,OKC,OKC
ATL,SAS,SAS
GSW,LAC,LAC
ORL,WAS,WAS
BOS,PHI,PHI
NYK,TOR,TOR
DAL,MEM,MEM
NOP,SAS,SAS
DEN,PHX,PHX
GSW,LAC,LAC
CHA,MIN,MIN
BKN,ORL,ORL
CLE,DET,DET
IND,MIA,MIA
CHI,NOP,NOP
ATL,MIL,MIL
DAL,OKC,OKC
MEM,PHX,PHX
POR,UTA,UTA
DEN,SAC,SAC
HOU,LAL,LAL
BOS,IND,IND
NOP,SAC,SAC
MIL,NYK,NYK
LAL,PHX,PHX
CLE,ORL,ORL
DET,MEM,MEM
MIA,TOR,TOR
PHI,WAS,WAS
ATL,BKN,BKN
MIN,SAS,SAS
CHA,CHI,CHI
HOU,OKC,OKC
DAL,UTA,UTA
GSW,POR,POR
DEN,LAC,LAC
IND,MIL,MIL
LAL,NOP,NOP
CHA,TOR,TOR
DET,ORL,ORL
ATL,PHI,PHI
BKN,WAS,WAS
CLE,MIA,MIA
MEM,MIN,MIN
GSW,OKC,OKC
CHI,SAS,SAS
DEN,HOU,HOU
LAC,UTA,UTA
DAL,POR,POR
BOS,NYK,NYK
PHX,SAC,SAC
CHA,MIA,MIA
DET,IND,IND
CLE,ORL,ORL
PHI,WAS,WAS
ATL,DEN,DEN
NYK,TOR,TOR
HOU,SAS,SAS
DAL,MEM,MEM
CHI,MIL,MIL
MIN,NOP,NOP
OKC,UTA,UTA
BKN,SAC,SAC
LAC,POR,POR
BOS,CLE,CLE
DAL,LAL,LAL
CHI,DEN,DEN
GSW,PHX,PHX
LAC,SAC,SAC
DET,PHI,PHI
NOP,WAS,WAS
CHA,MIA,MIA
ATL,TOR,TOR
HOU,MEM,MEM
IND,MIL,MIL
LAL,SAS,SAS
BKN,PHX,PHX
NYK,UTA,UTA
BOS,CLE,CLE
CHI,MIA,MIA
DAL,MIN,MIN
BKN,DEN,DEN
POR,UTA,UTA
OKC,SAC,SAC
GSW,LAC,LAC
CHA,NOP,NOP
DET,PHI,PHI
IND,WAS,WAS
BOS,ORL,ORL
ATL,TOR,TOR
LAL,SAS,SAS
HOU,MEM,MEM
NYK,PHX,PHX
DET,MIL,MIL
CHA,PHI,PHI
ATL,CLE,CLE
CHI,MIA,MIA
IND,MIN,MIN
BKN,GSW,GSW
DEN,OKC,OKC
DAL,POR,POR
SAC,UTA,UTA
LAC,NYK,NYK
BOS,ORL,ORL
NOP,SAS,SAS
HOU,MIL,MIL
PHX,WAS,WAS
GSW,POR,POR
CLE,HOU,HOU
IND,LAC,LAC
CHI,PHI,PHI
ATL,DET,DET
MIA,MIN,MIN
CHA,TOR,TOR
MEM,OKC,OKC
DAL,DEN,DEN
BKN,UTA,UTA
SAC,WAS,WAS
LAL,NYK,NYK
MEM,NOP,NOP
MIL,SAS,SAS
BOS,GSW,GSW
PHX,POR,POR
CLE,UTA,UTA
CHA,IND,IND
MIA,ORL,ORL
MIN,PHI,PHI
BKN,NYK,NYK
DEN,TOR,TOR
CHI,LAL,LAL
ATL,HOU,HOU
DAL,LAC,LAC
BOS,SAC,SAC
DET,UTA,UTA
CLE,NOP,NOP
CHI,SAS,SAS
IND,MEM,MEM
MIL,ORL,ORL
LAC,OKC,OKC
LAL,MIN,MIN
POR,WAS,WAS
PHI,TOR,TOR
BKN,DEN,DEN
ATL,MIA,MIA
DAL,HOU,HOU
GSW,WAS,WAS
PHX,SAC,SAC
MIL,NYK,NYK
BOS,LAC,LAC
CHA,DEN,DEN
IND,ORL,ORL
HOU,NOP,NOP
ATL,MEM,MEM
BKN,DET,DET
TOR,UTA,UTA
CHI,CLE,CLE
LAL,OKC,OKC
DAL,SAS,SAS
GSW,POR,POR
MIN,SAC,SAC
MIL,NYK,NYK
DEN,GSW,GSW
BOS,LAL,LAL
MIA,PHI,PHI
DAL,PHX,PHX
BKN,DET,DET
ORL,WAS,WAS
ATL,CHI,CHI
HOU,IND,IND
MEM,NOP,NOP
MIN,OKC,OKC
SAS,UTA,UTA
POR,SAC,SAC
CHA,LAC,LAC
ORL,PHI,PHI
TOR,WAS,WAS
BKN,MIL,MIL
HOU,PHX,PHX
NYK,OKC,OKC
CLE,DAL,DAL
BOS,DET,DET
CHI,IND,IND
DAL,MIN,MIN
NOP,UTA,UTA
DEN,MEM,MEM
GSW,MIA,MIA
POR,SAS,SAS
CHA,LAL,LAL
NYK,ORL,ORL
BKN,WAS,WAS
ATL,SAC,SAC
BOS,TOR,TOR
CLE,MIL,MIL
HOU,PHI,PHI
DEN,OKC,OKC
CHA,PHX,PHX
POR,SAS,SAS
LAC,MEM,MEM
MIA,UTA,UTA
DET,TOR,TOR
IND,NYK,NYK
CHI,PHI,PHI
LAL,MIN,MIN
DAL,GSW,GSW
ATL,WAS,WAS
LAL,NOP,NOP
BKN,OKC,OKC
BOS,SAS,SAS
MEM,SAC,SAC
ORL,PHX,PHX
MIN,NYK,NYK
CLE,TOR,TOR
DET,HOU,HOU
IND,MIL,MIL
CHA,DEN,DEN
PHX,POR,POR
DAL,UTA,UTA
LAC,MIA,MIA
CHI,PHI,PHI
MEM,SAS,SAS
BKN,NOP,NOP
BOS,OKC,OKC
GSW,ORL,ORL
CHA,SAC,SAC
CLE,WAS,WAS
IND,MIL,MIL
ATL,OKC,OKC
CHI,NYK,NYK
BKN,HOU,HOU
MEM,TOR,TOR
MIN,NOP,NOP
DAL,POR,POR
LAC,PHX,PHX
DET,UTA,UTA
LAL,MIA,MIA
ORL,SAC,SAC
MIL,SAS,SAS
DEN,GSW,GSW
BOS,UTA,UTA
ATL,IND,IND
BKN,OKC,OKC
CLE,WAS,WAS
NYK,PHI,PHI
CHA,CHI,CHI
HOU,MIN,MIN
LAC,NOP,NOP
DAL,POR,POR
DEN,ORL,ORL
MIA,PHX,PHX
DET,GSW,GSW
LAL,MEM,MEM
SAC,TOR,TOR
BOS,IND,IND
NYK,WAS,WAS
PHI,UTA,UTA
HOU,MIL,MIL
CLE,SAS,SAS
BKN,POR,POR
ATL,ORL,ORL
NOP,SAC,SAC
DAL,MIN,MIN
DEN,DET,DET
MEM,PHX,PHX
GSW,TOR,TOR
LAC,LAL,LAL
CHA,CHI,CHI
BOS,IND,IND
OKC,WAS,WAS
HOU,MIA,MIA
MIL,UTA,UTA
LAC,PHX,PHX
DET,SAC,SAC
MIN,ORL,ORL
NYK,POR,POR
DAL,MEM,MEM
LAL,TOR,TOR
BOS,MIN,MIN
CHA,SAC,SAC
DET,SAS,SAS
IND,WAS,WAS
ATL,PHI,PHI
MIA,OKC,OKC
CHI,HOU,HOU
DEN,UTA,UTA
GSW,NOP,NOP
LAC,TOR,TOR
BKN,CLE,CLE
BOS,MIL,MIL
OKC,POR,POR
DAL,NYK,NYK
LAL,PHX,PHX
PHI,SAC,SAC
ATL,IND,IND
DET,HOU,HOU
MIA,ORL,ORL
CHI,GSW,GSW
LAC,MEM,MEM
MIN,POR,POR
DEN,NOP,NOP
TOR,UTA,UTA
CHA,SAS,SAS
BOS,HOU,HOU
ATL,WAS,WAS
MEM,NYK,NYK
GSW,MIL,MIL
OKC,ORL,ORL
DAL,NOP,NOP
CHI,SAS,SAS
LAL,UTA,UTA
DEN,IND,IND
CHA,MIA,MIA
MIL,SAC,SAC
LAC,MIN,MIN
PHX,POR,POR
HOU,PHI,PHI
DAL,NOP,NOP
NYK,ORL,ORL
DET,WAS,WAS
ATL,SAS,SAS
GSW,MEM,MEM
CHI,CLE,CLE
BKN,MIA,MIA
BOS,TOR,TOR
IND,UTA,UTA
LAL,OKC,OKC
DEN,PHI,PHI
PHX,SAC,SAC
LAC,OKC,OKC
DET,MIN,MIN
ATL,ORL,ORL
BOS,SAS,SAS
CLE,MIL,MIL
HOU,NYK,NYK
MIA,TOR,TOR
CHA,NOP,NOP
DAL,LAL,LAL
BKN,POR,POR
NYK,WAS,WAS
CHI,TOR,TOR
OKC,UTA,UTA
MEM,MIN,MIN
IND,SAC,SAC
CHA,SAS,SAS
ORL,PHI,PHI
BOS,DEN,DEN
ATL,MIA,MIA
NOP,PHX,PHX
IND,POR,POR
BKN,LAL,LAL
DET,MIL,MIL
CHA,PHI,PHI
SAS,WAS,WAS
ATL,CLE,CLE
NYK,TOR,TOR
CHI,MEM,MEM
HOU,UTA,UTA
MIN,OKC,OKC
BKN,LAC,LAC
MIA,ORL,ORL
DEN,WAS,WAS
BOS,HOU,HOU
IND,PHX,PHX
LAL,POR,POR
DET,MIL,MIL
CLE,ORL,ORL
PHI,SAS,SAS
MEM,TOR,TOR
CHA,MIN,MIN
BOS,DAL,DAL
CHI,PHX,PHX
ATL,SAC,SAC
DEN,IND,IND
BKN,NYK,NYK
NOP,UTA,UTA
OKC,POR,POR
LAC,LAL,LAL
CHA,DET,DET
MIN,WAS,WAS
MEM,MIA,MIA
OKC,SAS,SAS
HOU,POR,POR
CLE,MIL,MIL
DAL,PHX,PHX
ATL,GSW,GSW
IND,PHI,PHI
UTA,WAS,WAS
BKN,MIN,MIN
BOS,MIA,MIA
DEN,NYK,NYK
GSW,SAC,SAC
CHI,LAL,LAL
ATL,DAL,DAL
CHA,HOU,HOU
IND,PHX,PHX
LAC,TOR,TOR
MEM,ORL,ORL
CLE,MIL,MIL
NOP,OKC,OKC
POR,SAS,SAS
DET,WAS,WAS
MIA,NYK,NYK
DEN,PHI,PHI
BKN,HOU,HOU
BOS,LAC,LAC
CHA,UTA,UTA
MIL,NOP,NOP
MIN,SAS,SAS
GSW,LAL,LAL
DAL,SAC,SAC
IND,MEM,MEM
ATL,TOR,TOR
DET,OKC,OKC
ORL,PHX,PHX
CHI,POR,POR
CHA,NYK,NYK
CLE,LAC,LAC
BOS,NOP,NOP
BKN,UTA,UTA
MIA,PHX,PHX
HOU,LAL,LAL
MEM,SAC,SAC
MIN,OKC,OKC
SAS,WAS,WAS
DAL,ORL,ORL
DEN,MIL,MIL
PHI,POR,POR
ATL,LAL,LAL
BOS,IND,IND
NYK,UTA,UTA
CHI,TOR,TOR
GSW,PHI,PHI
CHA,CHI,CHI
CLE,DET,DET
LAC,WAS,WAS
BKN,PHX,PHX
MIA,SAC,SAC
HOU,NOP,NOP
DAL,MIN,MIN
ORL,SAS,SAS
DEN,OKC,OKC
MIL,POR,POR
BOS,LAL,LAL
IND,NYK,NYK
PHI,UTA,UTA
CLE,MEM,MEM
DET,LAC,LAC
MIA,WAS,WAS
ATL,PHX,PHX
IND,SAC,SAC
HOU,TOR,TOR
GSW,MEM,MEM
MIN,ORL,ORL
CHA,OKC,OKC
NOP,SAS,SAS
DEN,POR,POR
BKN,PHI,PHI
ATL,GSW,GSW
CHI,SAC,SAC
LAL,NYK,NYK
DAL,MIL,MIL
CLE,SAS,SAS
DET,ORL,ORL
PHX,WAS,WAS
BOS,MEM,MEM
CHA,IND,IND
LAC,MIA,MIA
HOU,MIN,MIN
OKC,TOR,TOR
MIL,UTA,UTA
DEN,POR,POR
CHA,LAL,LAL
CLE,SAC,SAC
DAL,PHI,PHI
ATL,LAC,LAC
BKN,GSW,GSW
NOP,TOR,TOR
HOU,IND,IND
BKN,DAL,DAL
MIA,ORL,ORL
MEM,NYK,NYK
CHI,MIN,MIN
OKC,UTA,UTA
MIL,PHX,PHX
CHA,TOR,TOR
GSW,PHI,PHI
CLE,WAS,WAS
ATL,BOS,BOS
MIA,SAS,SAS
LAC,NOP,NOP
DET,SAC,SAC
GSW,IND,IND
ORL,SAS,SAS
BKN,CLE,CLE
DAL,NYK,NYK
CHI,MEM,MEM
MIL,MIN,MIN
PHX,UTA,UTA
DEN,LAL,LAL
DET,POR,POR
ATL,PHI,PHI
BOS,WAS,WAS
HOU,TOR,TOR
CHA,MIL,MIL
DEN,SAC,SAC
LAL,NOP,NOP
DAL,OKC,OKC
DET,LAC,LAC
BKN,SAS,SAS
CHA,MEM,MEM
CHI,ORL,ORL
PHI,WAS,WAS
ATL,HOU,HOU
IND,NYK,NYK
CLE,TOR,TOR
GSW,PHX,PHX
NOP,POR,POR
BOS,MIA,MIA
OKC,SAC,SAC
CHA,IND,IND
CLE,PHI,PHI
ATL,CHI,CHI
SAS,TOR,TOR
HOU,NYK,NYK
MEM,NOP,NOP
DEN,MIL,MIL
DAL,WAS,WAS
GSW,UTA,UTA
LAC,MIN,MIN
BKN,BOS,BOS
OKC,ORL,ORL
MIA,MIL,MIL
PHX,SAC,SAC
MIN,POR,POR
DET,LAL,LAL
ATL,CHA,CHA
NYK,ORL,ORL
MIA,PHI,PHI
BKN,BOS,BOS
CHI,CLE,CLE
IND,TOR,TOR
HOU,MEM,MEM
NOP,WAS,WAS
DAL,SAS,SAS
DEN,SAC,SAC
DET,PHX,PHX
LAL,UTA,UTA
GSW,LAC,LAC
GSW,UTA,UTA
MEM,MIL,MIL
MIN,POR,POR
CLE,ORL,ORL
DET,IND,IND
NYK,PHI,PHI
BKN,TOR,TOR
DAL,PHX,PHX
BOS,CHI,CHI
HOU,NOP,NOP
LAC,OKC,OKC
DEN,WAS,WAS
CHA,UTA,UTA
GSW,LAL,LAL
SAC,SAS,SAS
ATL,TOR,TOR
CLE,PHI,PHI
HOU,PHX,PHX
LAC,MEM,MEM
MIL,MIN,MIN
OKC,WAS,WAS
MIA,NOP,NOP
CHA,GSW,GSW
DEN,POR,POR
LAL,SAS,SAS
DET,ORL,ORL
BKN,MIN,MIN
BOS,NYK,NYK
MIL,PHI,PHI
LAL,PHX,PHX
DAL,IND,IND
CLE,WAS,WAS
ATL,ORL,ORL
HOU,OKC,OKC
CHI,NOP,NOP
DEN,GSW,GSW
SAS,UTA,UTA
CHA,POR,POR
LAC,SAC,SAC
DET,NYK,NYK
IND,TOR,TOR
BKN,MEM,MEM
MIA,SAC,SAC
CLE,DAL,DAL
BKN,ORL,ORL
GSW,WAS,WAS
ATL,UTA,UTA
BOS,PHI,PHI
NOP,NYK,NYK
MIN,SAS,SAS
CHI,DET,DET
CHA,MIL,MIL
HOU,OKC,OKC
MIA,POR,POR
IND,NOP,NOP
DAL,TOR,TOR
MEM,MIN,MIN
CHI,CLE,CLE
DEN,SAC,SAC
LAC,LAL,LAL
CHA,MIL,MIL
ORL,UTA,UTA
ATL,BKN,BKN
GSW,NYK,NYK
OKC,SAS,SAS
HOU,PHX,PHX
DEN,MIA,MIA
LAL,WAS,WAS
CLE,DET,DET
CHA,PHI,PHI
BOS,DAL,DAL
GSW,TOR,TOR
MEM,POR,POR
MIN,SAC,SAC
IND,NOP,NOP
CHI,MIL,MIL
LAC,WAS,WAS
ATL,BKN,BKN
MIA,UTA,UTA
MEM,POR,POR
DEN,LAL,LAL
HOU,PHX,PHX
DAL,PHI,PHI
BOS,GSW,GSW
LAC,MIN,MIN
DET,ORL,ORL
CHA,TOR,TOR
CLE,NYK,NYK
IND,SAS,SAS
OKC,PHX,PHX
BKN,MEM,MEM
LAC,MIL,MIL
MIN,POR,POR
UTA,WAS,WAS
CHI,SAC,SAC
LAL,OKC,OKC
CHA,ORL,ORL
BOS,CLE,CLE
BKN,PHI,PHI
DET,MIA,MIA
ATL,NYK,NYK
NOP,TOR,TOR
HOU,SAS,SAS
DAL,IND,IND
DEN,PHX,PHX
ORL,WAS,WAS
ATL,CLE,CLE
MEM,PHI,PHI
HOU,LAC,LAC
CHI,UTA,UTA
GSW,MIL,MIL
OKC,POR,POR
LAL,SAC,SAC
BKN,DET,DET
IND,MIN,MIN
DAL,MIA,MIA
PHX,TOR,TOR
BOS,DEN,DEN
CHI,GSW,GSW
SAC,SAS,SAS
NOP,PHI,PHI
CHA,WAS,WAS
CLE,MIN,MIN
NYK,ORL,ORL
ATL,MEM,MEM
MIA,OKC,OKC
LAL,MIL,MIL
HOU,POR,POR
CHI,LAC,LAC
BKN,CHA,CHA
DAL,DET,DET
BOS,PHX,PHX
GSW,SAS,SAS
DEN,UTA,UTA
POR,TOR,TOR
LAC,MIL,MIL
ATL,NOP,NOP
MIA,WAS,WAS
NYK,PHI,PHI
IND,ORL,ORL
HOU,SAC,SAC
BKN,CLE,CLE
MEM,OKC,OKC
LAL,MIN,MIN
CHA,DET,DET
CLE,PHX,PHX
CHI,DAL,DAL
GSW,SAS,SAS
DEN,TOR,TOR
BOS,POR,POR
NYK,PHI,PHI
MEM,WAS,WAS
IND,OKC,OKC
HOU,SAS,SAS
BOS,UTA,UTA
LAC,MIN,MIN
MIL,SAC,SAC
DET,TOR,TOR
BKN,ORL,ORL
CHI,IND,IND
DEN,MIA,MIA
CHA,MEM,MEM
CLE,NOP,NOP
DAL,GSW,GSW
ATL,POR,POR
LAL,SAC,SAC
BOS,PHX,PHX
CHI,LAC,LAC
HOU,WAS,WAS
MIL,PHI,PHI
DAL,OKC,OKC
NYK,POR,POR
CHA,PHX,PHX
DET,MIA,MIA
ORL,TOR,TOR
LAC,NOP,NOP
DEN,SAS,SAS
ATL,UTA,UTA
CLE,HOU,HOU
BKN,IND,IND
CHA,PHI,PHI
NOP,POR,POR
CHI,WAS,WAS
MEM,OKC,OKC
GSW,LAL,LAL
MIN,UTA,UTA
NYK,SAC,SAC
MIL,PHX,PHX
DET,MIA,MIA
DAL,DEN,DEN
ORL,TOR,TOR
BOS,WAS,WAS
BKN,SAS,SAS
ATL,LAC,LAC
CLE,IND,IND
BOS,DET,DET
MIA,PHI,PHI
CHI,POR,POR
MIN,UTA,UTA
GSW,NYK,NYK
MEM,SAC,SAC
ATL,LAL,LAL
CHA,ORL,ORL
HOU,WAS,WAS
BKN,NOP,NOP
DAL,SAS,SAS
DEN,MIN,MIN
CLE,MIA,MIA
DET,IND,IND
BOS,MIL,MIL
SAC,TOR,TOR
OKC,UTA,UTA
GSW,MEM,MEM
PHI,PHX,PHX
LAC,POR,POR
NOP,ORL,ORL
SAC,WAS,WAS
CHI,HOU,HOU
BKN,MIL,MIL
DAL,UTA,UTA
DEN,NYK,NYK
ATL,PHX,PHX
BOS,DET,DET
OKC,TOR,TOR
MIA,NOP,NOP
CLE,MIN,MIN
MEM,SAS,SAS
GSW,IND,IND
LAC,POR,POR
LAL,PHI,PHI
BKN,NYK,NYK
ORL,SAC,SAC
ATL,CHA,CHA
TOR,WAS,WAS
BOS,CHI,CHI
HOU,UTA,UTA
PHX,SAS,SAS
DEN,POR,POR
DET,NOP,NOP
LAC,PHI,PHI
CLE,MIA,MIA
MIL,OKC,OKC
GSW,MIN,MIN
IND,LAL,LAL
CHA,CLE,CLE
ATL,BOS,BOS
DET,NYK,NYK
BKN,TOR,TOR
CHI,WAS,WAS
HOU,POR,POR
PHX,SAS,SAS
DEN,MEM,MEM
DAL,UTA,UTA
PHI,SAC,SAC
IND,LAC,LAC
GSW,MIA,MIA
LAL,MIL,MIL
NOP,OKC,OKC
DAL,SAC,SAC
CHA,CLE,CLE
GSW,ORL,ORL
BKN,WAS,WAS
ATL,POR,POR
LAC,PHI,PHI
NYK,TOR,TOR
CHI,IND,IND
LAL,MEM,MEM
DET,MIN,MIN
HOU,OKC,OKC
SAS,UTA,UTA
DEN,PHX,PHX
ATL,BOS,BOS
MIL,NOP,NOP
CHA,GSW,GSW
IND,LAL,LAL
LAC,ORL,ORL
DET,WAS,WAS
BKN,CHI,CHI
CLE,PHI,PHI
MIA,POR,POR
OKC,PHX,PHX
NYK,SAS,SAS
DEN,MIN,MIN
HOU,UTA,UTA
DAL,SAC,SAC
BOS,NOP,NOP
MEM,ORL,ORL
ATL,MIL,MIL
CLE,DEN,DEN
BKN,LAL,LAL
CHA,LAC,LAC
PHI,TOR,TOR
MIA,WAS,WAS
NYK,OKC,OKC
DAL,HOU,HOU
CHI,MIN,MIN
GSW,SAS,SAS
SAC,UTA,UTA
BOS,CHA,CHA
DET,MEM,MEM
BKN,IND,IND
ORL,POR,POR
ATL,CHI,CHI
NOP,PHX,PHX
DAL,GSW,GSW
OKC,PHI,PHI
LAL,TOR,TOR
MIL,WAS,WAS
MIA,NYK,NYK
HOU,MIN,MIN
DEN,SAS,SAS
CLE,UTA,UTA
LAC,SAC,SAC
CHA,POR,POR
LAL,WAS,WAS
ATL,DET,DET
BOS,OKC,OKC
BKN,IND,IND
MEM,MIL,MIL
MIN,TOR,TOR
NOP,ORL,ORL
CLE,PHX,PHX
MIA,PHI,PHI
NYK,SAC,SAC
GSW,HOU,HOU
DEN,LAC,LAC
ATL,DAL,DAL
DAL,GSW,GSW
CHA,ORL,ORL
IND,OKC,OKC
POR,WAS,WAS
BOS,SAC,SAC
CHI,NYK,NYK
HOU,MIA,MIA
DET,MEM,MEM
MIL,TOR,TOR
NOP,SAS,SAS
MIN,PHX,PHX
LAC,UTA,UTA
CLE,LAL,LAL
BKN,DET,DET
MEM,PHI,PHI
ATL,DEN,DEN
DAL,HOU,HOU
CLE,LAC,LAC
IND,MIA,MIA
BOS,POR,POR
CHA,OKC,OKC
CHI,ORL,ORL
TOR,WAS,WAS
NOP,PHX,PHX
MIL,NYK,NYK
PHI,SAS,SAS
BKN,SAC,SAC
GSW,UTA,UTA
LAL,MIN,MIN
CHA,DAL,DAL
DET,PHI,PHI
IND,TOR,TOR
ATL,MIA,MIA
BOS,MIL,MIL
CHI,NYK,NYK
HOU,ORL,ORL
MEM,SAS,SAS
MIN,WAS,WAS
OKC,SAC,SAC
DEN,UTA,UTA
GSW,LAL,LAL
LAC,PHX,PHX
NOP,POR,POR
CLE,MEM,MEM
ATL,CHA,CHA
BKN,TOR,TOR
DAL,MIA,MIA
MIL,ORL,ORL
OKC,SAS,SAS
DEN,MIN,MIN
LAC,PHX,PHX
CHI,DET,DET
BOS,NYK,NYK
HOU,UTA,UTA
GSW,POR,POR
NOP,SAC,SAC
ORL,PHI,PHI
CHI,WAS,WAS
BOS,CHA,CHA
CLE,IND,IND
BKN,NYK,NYK
MIA,TOR,TOR
LAL,MEM,MEM
ATL,MIN,MIN
MIL,OKC,OKC
DEN,SAS,SAS
DAL,DET,DET
GSW,NOP,NOP
HOU,POR,POR
LAC,UTA,UTA
PHX,SAC,SAC
BOS,WAS,WAS
CHA,CLE,CLE
ATL,IND,IND
MIA,TOR,TOR
CHI,NYK,NYK
MIL,ORL,ORL
BKN,PHI,PHI
DEN,MEM,MEM
MIN,PHX,PHX
LAL,NOP,NOP
DAL,OKC,OKC
DET,SAS,SAS
GSW,UTA,UTA
HOU,LAC,LAC
POR,SAC,SAC
